{"timestamps": [1555538083.686184, 1555538126.384286, 1555538172.671248], "initial_reset_timestamp": 1555538021.970126, "episode_types": ["t", "t", "t", "t"], "episode_lengths": [1000, 1000, 1000], "episode_rewards": [-2001.89478101749, -1999.0779445100848, -2012.7018575108311]}